loss_D_fake,loss_D_real,loss_D,loss_G_GAN,loss_G_L1,loss_G
0.52523,0.57207,0.54865,1.28394,9.97622,11.26016
0.42596,0.45085,0.43840,1.67116,9.79595,11.46712
0.43961,0.46634,0.45297,1.65043,9.89478,11.54521
0.43726,0.46698,0.45212,1.67138,10.04535,11.71673
0.44248,0.46991,0.45619,1.66184,10.22593,11.88777
0.44333,0.47516,0.45924,1.64833,10.33848,11.98681
0.44499,0.47836,0.46167,1.63427,10.44481,12.07908
0.44880,0.48356,0.46618,1.62823,10.56515,12.19338
0.45350,0.49075,0.47212,1.61220,10.63012,12.24231
0.50149,0.56551,0.53350,1.35446,11.18551,12.53996
0.49418,0.54455,0.51936,1.41247,11.17920,12.59167
0.49270,0.54611,0.51941,1.41931,11.09951,12.51882
0.49637,0.55100,0.52369,1.40003,11.16221,12.56224
0.49414,0.55238,0.52326,1.41352,11.21503,12.62856
0.49421,0.55649,0.52535,1.40580,11.20807,12.61386
0.49706,0.56143,0.52924,1.39312,11.22586,12.61898
0.49663,0.56149,0.52906,1.39026,11.26153,12.65179
0.49949,0.56469,0.53209,1.38187,11.23538,12.61725
0.50877,0.58492,0.54685,1.28913,11.22724,12.51638
0.49889,0.57346,0.53618,1.33188,11.12913,12.46101
0.49430,0.57801,0.53615,1.33142,11.09045,12.42188
0.49929,0.57456,0.53693,1.33787,11.17233,12.51019
0.49753,0.57477,0.53615,1.34051,11.24306,12.58357
0.49638,0.57419,0.53528,1.33708,11.23581,12.57289
0.49759,0.57428,0.53593,1.33665,11.23904,12.57569
0.49603,0.57406,0.53504,1.33504,11.28044,12.61547
0.49683,0.57329,0.53506,1.33213,11.25657,12.58870
0.50151,0.57332,0.53742,1.29349,11.17292,12.46640
0.48891,0.56700,0.52795,1.33740,11.09493,12.43233
0.49342,0.57898,0.53620,1.32181,11.05311,12.37493
0.50414,0.57967,0.54191,1.30521,11.12239,12.42760
0.50317,0.57800,0.54058,1.31295,11.18100,12.49395
0.50061,0.57791,0.53926,1.31172,11.18531,12.49702
0.50205,0.58157,0.54181,1.30722,11.20090,12.50811
0.49732,0.57810,0.53771,1.30801,11.23715,12.54516
0.49787,0.57882,0.53835,1.30865,11.22249,12.53115
0.50251,0.58352,0.54302,1.26516,11.19610,12.46126
0.48887,0.57243,0.53065,1.33145,11.05543,12.38688
0.48812,0.57773,0.53293,1.31290,11.00209,12.31499
0.49918,0.58022,0.53970,1.30220,11.06690,12.36911
0.49464,0.57868,0.53666,1.30754,11.13241,12.43996
0.49603,0.58057,0.53830,1.31104,11.14117,12.45221
0.49584,0.58063,0.53823,1.30798,11.15650,12.46447
0.49486,0.57891,0.53688,1.30666,11.18974,12.49639
0.49507,0.57816,0.53662,1.30574,11.16633,12.47207
0.51531,0.59005,0.55268,1.29610,11.14656,12.44266
0.49714,0.57506,0.53610,1.33030,10.99690,12.32720
0.49714,0.58051,0.53882,1.30608,10.96515,12.27123
0.50292,0.57571,0.53932,1.29973,11.02261,12.32234
0.49923,0.57097,0.53510,1.30753,11.09056,12.39808
0.50053,0.57758,0.53906,1.30685,11.11590,12.42275
0.49951,0.57387,0.53669,1.31329,11.11915,12.43243
0.49813,0.57476,0.53644,1.30849,11.16047,12.46897
0.49808,0.57397,0.53603,1.30730,11.14166,12.44896
0.49821,0.57880,0.53850,1.32650,11.09432,12.42082
0.48271,0.57211,0.52741,1.34619,10.95911,12.30530
0.48630,0.57496,0.53063,1.32548,10.90562,12.23110
0.49788,0.57374,0.53581,1.32065,10.98529,12.30594
0.49705,0.57206,0.53455,1.32210,11.05180,12.37389
0.49892,0.57644,0.53768,1.32432,11.06717,12.39149
0.49842,0.57478,0.53660,1.32275,11.06678,12.38952
0.49605,0.57324,0.53464,1.31968,11.10368,12.42336
0.49704,0.57395,0.53549,1.31804,11.08630,12.40434
0.49374,0.57543,0.53459,1.31816,11.08515,12.40331
0.47447,0.57158,0.52302,1.35677,10.96772,12.32449
0.47870,0.56798,0.52334,1.33555,10.89908,12.23463
0.49492,0.57279,0.53386,1.32231,10.95336,12.27567
0.49191,0.56926,0.53058,1.32501,11.01101,12.33602
0.49408,0.57388,0.53398,1.32392,11.03491,12.35884
0.49405,0.57259,0.53332,1.32394,11.03981,12.36375
0.49507,0.57398,0.53453,1.32888,11.08483,12.41371
0.49462,0.57171,0.53317,1.32979,11.05437,12.38415
0.49162,0.57404,0.53283,1.33216,11.00756,12.33971
0.47315,0.56500,0.51907,1.35277,10.88979,12.24256
0.47779,0.56432,0.52106,1.33333,10.83846,12.17179
0.48379,0.56283,0.52331,1.32135,10.87982,12.20117
0.48963,0.56531,0.52747,1.33075,10.94241,12.27317
0.48965,0.56929,0.52947,1.33523,10.96137,12.29660
0.48956,0.56842,0.52899,1.33474,10.97031,12.30506
0.48762,0.56680,0.52721,1.33926,11.01543,12.35469
0.48758,0.56830,0.52794,1.33819,10.98895,12.32714
0.50836,0.57796,0.54316,1.31656,10.98756,12.30412
0.47787,0.56305,0.52046,1.35489,10.82446,12.17935
0.47591,0.55531,0.51561,1.34281,10.76066,12.10347
0.48900,0.55733,0.52317,1.33317,10.83363,12.16680
0.49002,0.56152,0.52577,1.33450,10.89103,12.22553
0.48891,0.56275,0.52583,1.34268,10.90795,12.25062
0.48826,0.56343,0.52585,1.34562,10.91773,12.26334
0.48905,0.56399,0.52652,1.34656,10.95503,12.30159
0.49017,0.56524,0.52770,1.34225,10.92664,12.26890
0.52095,0.59233,0.55664,1.31595,10.88770,12.20365
0.49158,0.58110,0.53634,1.35540,10.79053,12.14593
0.49305,0.57401,0.53353,1.32581,10.74094,12.06675
0.49672,0.57059,0.53365,1.31620,10.79203,12.10823
0.50022,0.57253,0.53638,1.31766,10.83115,12.14881
0.49930,0.57430,0.53680,1.31610,10.84896,12.16506
0.49790,0.57361,0.53575,1.31688,10.85682,12.17370
0.49584,0.57126,0.53355,1.31906,10.89205,12.21112
0.49699,0.57200,0.53450,1.31652,10.87174,12.18826
0.53404,0.60070,0.56737,1.31591,10.92022,12.23613
0.50623,0.58988,0.54806,1.36134,10.78652,12.14786
0.50098,0.57872,0.53985,1.33782,10.70123,12.03905
0.50458,0.57489,0.53974,1.32067,10.75339,12.07406
0.50058,0.57091,0.53574,1.32414,10.79468,12.11882
0.50025,0.57380,0.53702,1.33291,10.81076,12.14367
0.49859,0.57422,0.53640,1.33589,10.80182,12.13772
0.49380,0.56805,0.53092,1.33946,10.82843,12.16788
0.49644,0.57019,0.53332,1.33294,10.81064,12.14358
0.52669,0.58940,0.55805,1.34052,10.73942,12.07994
0.49644,0.57414,0.53529,1.36605,10.60036,11.96641
0.50062,0.57638,0.53850,1.34117,10.58296,11.92414
0.50315,0.57058,0.53687,1.32777,10.61943,11.94720
0.49919,0.56399,0.53159,1.33484,10.65625,11.99108
0.49489,0.56579,0.53034,1.34556,10.67306,12.01862
0.49468,0.56787,0.53128,1.35036,10.67799,12.02834
0.49123,0.56340,0.52732,1.35347,10.71305,12.06652
0.49430,0.56535,0.52982,1.35032,10.69711,12.04743
0.51702,0.57718,0.54710,1.30460,10.61197,11.91657
0.48083,0.56414,0.52249,1.34047,10.51411,11.85458
0.48541,0.56164,0.52352,1.33991,10.46326,11.80317
0.49424,0.55998,0.52711,1.33522,10.53228,11.86750
0.49557,0.56693,0.53125,1.33522,10.61989,11.95511
0.49853,0.56751,0.53302,1.34373,10.63151,11.97525
0.49469,0.56433,0.52951,1.35385,10.61805,11.97190
0.49395,0.56427,0.52911,1.35602,10.65317,12.00919
0.49459,0.56321,0.52890,1.34933,10.63449,11.98382
0.52256,0.57138,0.54697,1.33004,10.43697,11.76701
0.48756,0.55950,0.52353,1.37835,10.36333,11.74168
0.49142,0.56123,0.52632,1.35321,10.33359,11.68680
0.49394,0.55774,0.52584,1.33792,10.41644,11.75436
0.49411,0.55930,0.52671,1.34413,10.46490,11.80903
0.49653,0.56064,0.52859,1.34670,10.48553,11.83223
0.49470,0.55937,0.52704,1.34863,10.48629,11.83492
0.49321,0.55806,0.52564,1.34917,10.52670,11.87586
0.49362,0.55666,0.52514,1.35321,10.50289,11.85609
0.51655,0.56886,0.54271,1.33281,10.53099,11.86379
0.48319,0.56202,0.52261,1.37038,10.40716,11.77754
0.48651,0.55698,0.52174,1.36198,10.33226,11.69424
0.49543,0.55606,0.52575,1.35622,10.35984,11.71607
0.49234,0.55897,0.52566,1.35625,10.40638,11.76262
0.49457,0.56079,0.52768,1.35829,10.42735,11.78564
0.49229,0.55969,0.52599,1.36231,10.42640,11.78871
0.48911,0.55616,0.52263,1.36219,10.45418,11.81637
0.49087,0.55611,0.52349,1.35827,10.43927,11.79754
0.52976,0.59204,0.56090,1.33308,10.47547,11.80854
0.49890,0.57302,0.53596,1.36150,10.28116,11.64266
0.49872,0.56825,0.53349,1.34257,10.20332,11.54589
0.50660,0.56487,0.53574,1.33635,10.24126,11.57761
0.50185,0.56674,0.53429,1.33983,10.29195,11.63177
0.50041,0.56667,0.53354,1.34833,10.30127,11.64960
0.50031,0.56635,0.53333,1.34981,10.30232,11.65213
0.49670,0.56213,0.52941,1.34820,10.32643,11.67464
0.49415,0.55940,0.52677,1.34714,10.30585,11.65299
0.53627,0.58081,0.55854,1.31930,10.26458,11.58388
0.49858,0.56639,0.53249,1.36512,10.15191,11.51703
0.49981,0.56703,0.53342,1.33664,10.09046,11.42710
0.50738,0.56465,0.53602,1.31985,10.14256,11.46241
0.50662,0.56339,0.53501,1.32196,10.20019,11.52215
0.50647,0.56524,0.53585,1.32641,10.21491,11.54132
0.50663,0.56666,0.53665,1.33803,10.21103,11.54906
0.50368,0.56448,0.53408,1.33747,10.24055,11.57802
0.50180,0.56190,0.53185,1.33333,10.21196,11.54529
0.51887,0.59237,0.55562,1.31096,10.18292,11.49388
0.48667,0.55842,0.52254,1.34291,10.02063,11.36354
0.49316,0.55201,0.52258,1.33248,9.94927,11.28175
0.50412,0.55476,0.52944,1.32429,9.98029,11.30458
0.50233,0.55484,0.52859,1.33024,10.03982,11.37006
0.50236,0.55744,0.52990,1.32968,10.05799,11.38767
0.50180,0.55738,0.52959,1.33782,10.06229,11.40011
0.49817,0.55472,0.52645,1.33677,10.07782,11.41460
0.49879,0.55548,0.52713,1.33169,10.06652,11.39821
0.51940,0.56597,0.54269,1.32748,9.96996,11.29743
0.49900,0.55709,0.52805,1.33514,9.90707,11.24221
0.50117,0.55952,0.53035,1.31292,9.83502,11.14794
0.50708,0.55120,0.52914,1.31240,9.86394,11.17634
0.50561,0.55415,0.52988,1.32512,9.94199,11.26711
0.50337,0.55511,0.52924,1.33211,9.95809,11.29020
0.50255,0.55718,0.52986,1.34104,9.97850,11.31953
0.50110,0.55469,0.52789,1.33930,9.99859,11.33788
0.50215,0.55646,0.52930,1.34121,9.98345,11.32466
0.52585,0.57498,0.55042,1.29902,9.94753,11.24656
0.49732,0.54886,0.52309,1.33505,9.82129,11.15634
0.49672,0.54851,0.52262,1.31814,9.72553,11.04367
0.50337,0.54466,0.52402,1.31816,9.75737,11.07552
0.50120,0.54806,0.52463,1.32753,9.82681,11.15434
0.49863,0.54803,0.52333,1.33637,9.85209,11.18846
0.49833,0.55008,0.52421,1.34322,9.86541,11.20863
0.49801,0.54960,0.52380,1.34010,9.88943,11.22953
0.49877,0.54941,0.52409,1.33966,9.87200,11.21167
0.54269,0.59130,0.56699,1.32110,9.74280,11.06390
0.50854,0.56987,0.53921,1.34597,9.62908,10.97505
0.50505,0.55907,0.53206,1.31905,9.54680,10.86586
0.50538,0.54743,0.52640,1.32634,9.57962,10.90595
0.50262,0.55215,0.52738,1.33311,9.66336,10.99647
0.50477,0.55362,0.52920,1.33625,9.70165,11.03790
0.50507,0.55580,0.53043,1.34514,9.70723,11.05236
0.50217,0.55348,0.52783,1.34373,9.73743,11.08117
0.50317,0.55378,0.52848,1.33974,9.72662,11.06637
0.52518,0.58121,0.55319,1.29519,9.69816,10.99335
0.50248,0.55413,0.52830,1.33606,9.52135,10.85740
0.50495,0.55493,0.52994,1.31799,9.45461,10.77261
0.51067,0.55121,0.53094,1.32121,9.48181,10.80302
0.50955,0.55127,0.53041,1.32465,9.54387,10.86852
0.51012,0.55439,0.53225,1.33311,9.56556,10.89867
0.51020,0.55520,0.53270,1.34245,9.56710,10.90954
0.50515,0.55075,0.52795,1.34351,9.58699,10.93051
0.50713,0.55324,0.53019,1.34184,9.57668,10.91852
0.51794,0.56294,0.54044,1.30603,9.51325,10.81928
0.49585,0.54529,0.52057,1.33766,9.36826,10.70592
0.50597,0.54878,0.52738,1.32452,9.31646,10.64098
0.50939,0.54044,0.52492,1.33029,9.35267,10.68296
0.50729,0.54607,0.52668,1.33274,9.41362,10.74636
0.50747,0.54761,0.52754,1.33510,9.43350,10.76860
0.50756,0.54783,0.52769,1.34345,9.43921,10.78266
0.50520,0.54552,0.52536,1.34391,9.45332,10.79723
0.50696,0.54626,0.52661,1.33861,9.44332,10.78192
0.52452,0.57201,0.54826,1.29883,9.36363,10.66245
0.50303,0.56283,0.53293,1.31348,9.25835,10.57184
0.50601,0.55542,0.53071,1.29535,9.19130,10.48665
0.51928,0.55514,0.53721,1.30553,9.25189,10.55742
0.51720,0.55386,0.53553,1.30768,9.30807,10.61575
0.51712,0.55529,0.53621,1.31687,9.33475,10.65163
0.51443,0.55403,0.53423,1.32623,9.33806,10.66429
0.51225,0.55248,0.53236,1.32845,9.34796,10.67641
0.51320,0.55247,0.53283,1.32540,9.33023,10.65563
0.51367,0.57112,0.54240,1.32692,9.27256,10.59948
0.49880,0.55174,0.52527,1.34216,9.14672,10.48887
0.50449,0.55064,0.52757,1.31551,9.09708,10.41258
0.51082,0.54643,0.52863,1.32159,9.12454,10.44613
0.51191,0.54960,0.53076,1.32411,9.16133,10.48544
0.50887,0.55012,0.52949,1.32956,9.17287,10.50243
0.51095,0.55356,0.53226,1.33331,9.18715,10.52046
0.50774,0.55019,0.52897,1.33576,9.19959,10.53535
0.50905,0.55226,0.53065,1.33129,9.19318,10.52447
0.51376,0.57136,0.54256,1.32542,9.17644,10.50187
0.50067,0.55310,0.52688,1.33728,9.03799,10.37527
0.50516,0.55450,0.52983,1.31457,8.96653,10.28110
0.51632,0.55410,0.53521,1.31799,8.98829,10.30627
0.51536,0.55431,0.53484,1.31711,9.02672,10.34384
0.51360,0.55386,0.53373,1.32317,9.05669,10.37986
0.51753,0.55709,0.53731,1.32628,9.07645,10.40273
0.51465,0.55357,0.53411,1.32550,9.08668,10.41218
0.51567,0.55401,0.53484,1.31984,9.08024,10.40008
0.52405,0.57711,0.55058,1.34133,9.08057,10.42190
0.51587,0.56393,0.53990,1.34012,8.99257,10.33270
0.51778,0.55702,0.53740,1.31978,8.91734,10.23713
0.52220,0.55562,0.53891,1.31908,8.93736,10.25645
0.52204,0.55643,0.53924,1.31455,8.96006,10.27461
0.51994,0.55497,0.53746,1.31836,8.97987,10.29823
0.52246,0.55679,0.53963,1.32648,8.99023,10.31671
0.51938,0.55419,0.53679,1.32518,8.99217,10.31735
0.51861,0.55302,0.53582,1.32091,8.97321,10.29411
0.51902,0.56354,0.54128,1.31784,8.95152,10.26937
0.51030,0.54960,0.52995,1.32214,8.81730,10.13944
0.51547,0.54658,0.53102,1.31686,8.74872,10.06558
0.52240,0.54816,0.53528,1.31165,8.77344,10.08509
0.52486,0.55229,0.53858,1.31399,8.81314,10.12713
0.52347,0.55190,0.53768,1.31877,8.83862,10.15739
0.52659,0.55229,0.53944,1.32818,8.83819,10.16637
0.52381,0.54844,0.53613,1.32414,8.83774,10.16188
0.52377,0.54995,0.53686,1.31638,8.81864,10.13502
0.53066,0.56083,0.54575,1.33630,8.74659,10.08289
0.52281,0.55791,0.54036,1.31626,8.66342,9.97967
0.52049,0.55609,0.53829,1.30146,8.61280,9.91426
0.52629,0.55700,0.54164,1.30074,8.63538,9.93612
0.52543,0.55744,0.54144,1.30270,8.66515,9.96786
0.52484,0.55821,0.54153,1.30323,8.70437,10.00759
0.52553,0.55766,0.54160,1.30811,8.71073,10.01884
0.52160,0.55426,0.53793,1.30738,8.71808,10.02546
0.52012,0.55296,0.53654,1.30482,8.70347,10.00828
0.52560,0.56379,0.54469,1.30651,8.68567,9.99218
0.51343,0.55436,0.53390,1.31052,8.53583,9.84636
0.51755,0.55065,0.53410,1.30524,8.49747,9.80271
0.52678,0.55303,0.53991,1.30249,8.54923,9.85172
0.52835,0.55570,0.54203,1.29888,8.58186,9.88074
0.52474,0.55445,0.53959,1.30199,8.60523,9.90722
0.52798,0.55947,0.54373,1.31054,8.61117,9.92171
0.52447,0.55502,0.53974,1.30890,8.61903,9.92793
0.52371,0.55399,0.53885,1.30423,8.59710,9.90133
0.53667,0.57836,0.55751,1.29745,8.65903,9.95648
0.52604,0.56562,0.54583,1.30366,8.50193,9.80559
0.52473,0.55692,0.54082,1.29657,8.40306,9.69963
0.52775,0.55629,0.54202,1.29140,8.42888,9.72028
0.52784,0.55588,0.54186,1.29714,8.46055,9.75769
0.52452,0.55432,0.53942,1.30379,8.48847,9.79226
0.52584,0.55770,0.54177,1.31045,8.48612,9.79658
0.52352,0.55239,0.53796,1.31098,8.49569,9.80667
0.52244,0.55245,0.53745,1.30575,8.48417,9.78992
0.54006,0.55701,0.54854,1.30199,8.55643,9.85843
0.52974,0.55739,0.54357,1.31017,8.39161,9.70178
0.52746,0.54955,0.53851,1.30684,8.30669,9.61353
0.52965,0.55411,0.54188,1.30384,8.34462,9.64846
0.53011,0.55538,0.54275,1.31192,8.36854,9.68046
0.52661,0.55417,0.54039,1.31144,8.39578,9.70723
0.52778,0.55627,0.54202,1.31433,8.39960,9.71393
0.52634,0.55268,0.53951,1.31319,8.40792,9.72111
0.52551,0.55309,0.53930,1.30889,8.39307,9.70196
0.53741,0.56215,0.54978,1.29240,8.40491,9.69731
0.53132,0.56167,0.54649,1.31037,8.28545,9.59582
0.52851,0.55041,0.53946,1.30419,8.20052,9.50471
0.53566,0.55063,0.54315,1.30039,8.22356,9.52395
0.53321,0.55292,0.54307,1.29749,8.24972,9.54721
0.52897,0.54905,0.53901,1.30522,8.25888,9.56410
0.53102,0.55315,0.54209,1.31147,8.26053,9.57200
0.52979,0.54925,0.53952,1.31248,8.26938,9.58185
0.52845,0.55052,0.53949,1.30557,8.26042,9.56600
0.53401,0.55308,0.54354,1.30144,8.28905,9.59049
0.53082,0.54302,0.53692,1.33050,8.18926,9.51976
0.52533,0.53917,0.53225,1.31169,8.13557,9.44727
0.53479,0.54525,0.54002,1.30924,8.13488,9.44412
0.53496,0.54996,0.54246,1.30352,8.17404,9.47756
0.53132,0.54830,0.53981,1.30612,8.19511,9.50123
0.53236,0.55221,0.54229,1.30977,8.19638,9.50615
0.53063,0.54963,0.54013,1.30790,8.20241,9.51032
0.52967,0.54871,0.53919,1.30398,8.18352,9.48749
0.54539,0.56821,0.55680,1.31854,8.17659,9.49513
0.53792,0.56155,0.54974,1.31639,8.09987,9.41626
0.53185,0.55250,0.54217,1.30891,8.04074,9.34965
0.53174,0.55191,0.54182,1.30594,8.03896,9.34490
0.53236,0.55412,0.54324,1.30000,8.05718,9.35717
0.52979,0.55362,0.54170,1.30318,8.07242,9.37560
0.53217,0.55527,0.54372,1.30894,8.06104,9.36998
0.53041,0.55244,0.54142,1.30609,8.07342,9.37950
0.52843,0.55077,0.53960,1.30253,8.06278,9.36531
0.52403,0.54488,0.53446,1.32178,8.15243,9.47421
0.52856,0.55105,0.53980,1.33647,8.01753,9.35400
0.52915,0.54537,0.53726,1.32395,7.94747,9.27142
0.53130,0.54565,0.53848,1.31533,7.94848,9.26381
0.53228,0.54702,0.53965,1.31801,7.95509,9.27309
0.52992,0.54437,0.53714,1.31840,7.96893,9.28733
0.52952,0.54466,0.53709,1.32365,7.96153,9.28519
0.52943,0.54301,0.53622,1.31675,7.98150,9.29825
0.52956,0.54097,0.53526,1.31447,7.96536,9.27983
0.53815,0.54596,0.54206,1.33925,8.05259,9.39184
0.54485,0.55781,0.55133,1.33829,7.93132,9.26961
0.53622,0.54716,0.54169,1.32163,7.86706,9.18869
0.53542,0.54656,0.54099,1.31477,7.87664,9.19141
0.53676,0.54884,0.54280,1.31467,7.87194,9.18661
0.53315,0.54757,0.54036,1.31829,7.88641,9.20470
0.53332,0.54729,0.54031,1.32164,7.87342,9.19506
0.53165,0.54406,0.53785,1.31868,7.88402,9.20271
0.53021,0.54341,0.53681,1.31564,7.87498,9.19062
0.52415,0.54285,0.53350,1.33787,7.90272,9.24060
0.53188,0.55209,0.54199,1.34614,7.78549,9.13163
0.52905,0.54358,0.53632,1.32809,7.72604,9.05413
0.53063,0.54666,0.53864,1.31617,7.74034,9.05651
0.53088,0.54629,0.53859,1.31514,7.75083,9.06597
0.52779,0.54401,0.53590,1.32012,7.76823,9.08835
0.53027,0.54578,0.53803,1.32652,7.76131,9.08782
0.52925,0.54366,0.53646,1.32529,7.77757,9.10286
0.52969,0.54248,0.53609,1.32167,7.76684,9.08851
0.51453,0.51565,0.51509,1.33606,7.81308,9.14914
0.52219,0.53411,0.52815,1.34847,7.70455,9.05302
0.52502,0.53093,0.52798,1.33804,7.65652,8.99456
0.52296,0.53136,0.52716,1.32814,7.66660,8.99473
0.52490,0.53461,0.52975,1.32666,7.68338,9.01005
0.52556,0.53744,0.53150,1.32655,7.69845,9.02499
0.52712,0.53889,0.53300,1.33248,7.69106,9.02354
0.52769,0.53965,0.53367,1.33166,7.70541,9.03707
0.52673,0.53951,0.53312,1.32719,7.68819,9.01538
0.51761,0.53505,0.52633,1.32389,7.80396,9.12785
0.51776,0.54288,0.53032,1.34817,7.63735,8.98552
0.52058,0.53936,0.52997,1.34427,7.58455,8.92882
0.52139,0.54050,0.53094,1.33321,7.59358,8.92679
0.51985,0.54083,0.53034,1.32927,7.61189,8.94116
0.51971,0.54172,0.53072,1.33191,7.61961,8.95152
0.52214,0.54298,0.53256,1.33613,7.61143,8.94755
0.52306,0.54152,0.53229,1.33443,7.62540,8.95983
0.52331,0.54186,0.53258,1.33206,7.61617,8.94823
0.51394,0.53276,0.52335,1.33473,7.66167,8.99640
0.52272,0.54350,0.53311,1.37053,7.51516,8.88569
0.52041,0.53822,0.52931,1.35017,7.47378,8.82395
0.51891,0.53516,0.52704,1.34375,7.48334,8.82709
0.52426,0.53966,0.53196,1.34049,7.49500,8.83549
0.52080,0.53749,0.52914,1.34411,7.51438,8.85849
0.52008,0.53713,0.52860,1.34782,7.50186,8.84969
0.52216,0.53797,0.53006,1.34523,7.51827,8.86351
0.52103,0.53723,0.52913,1.33962,7.50872,8.84834
0.52884,0.52972,0.52928,1.33977,7.58028,8.92005
0.53708,0.54712,0.54210,1.36955,7.43660,8.80615
0.53390,0.54314,0.53852,1.34903,7.39841,8.74743
0.52833,0.54000,0.53417,1.33887,7.41040,8.74926
0.52794,0.54154,0.53474,1.34252,7.42578,8.76830
0.52605,0.54188,0.53396,1.34253,7.43743,8.77995
0.52597,0.54199,0.53398,1.34375,7.43373,8.77749
0.52374,0.53880,0.53127,1.34269,7.44985,8.79254
0.52445,0.53801,0.53123,1.34044,7.43940,8.77984
0.50928,0.52074,0.51501,1.37372,7.52999,8.90370
0.51398,0.53282,0.52340,1.37759,7.39308,8.77068
0.51559,0.53269,0.52414,1.36534,7.35878,8.72411
0.51518,0.53251,0.52385,1.35870,7.35885,8.71755
0.52012,0.53741,0.52876,1.35902,7.37688,8.73589
0.52079,0.53633,0.52856,1.35933,7.37407,8.73340
0.52020,0.53609,0.52814,1.36354,7.36512,8.72866
0.52122,0.53563,0.52843,1.36039,7.37735,8.73774
0.52046,0.53513,0.52780,1.35788,7.36454,8.72242
0.50049,0.51860,0.50954,1.35159,7.37648,8.72808
0.51048,0.53125,0.52086,1.37155,7.26763,8.63918
0.51617,0.52841,0.52229,1.36846,7.24795,8.61641
0.51433,0.52796,0.52114,1.36620,7.25867,8.62488
0.51754,0.53124,0.52439,1.36384,7.27643,8.64027
0.51894,0.53301,0.52598,1.36386,7.28580,8.64966
0.52006,0.53412,0.52709,1.36935,7.27858,8.64793
0.52018,0.53378,0.52698,1.36545,7.29926,8.66471
0.52091,0.53299,0.52695,1.35936,7.29146,8.65082
0.49895,0.51506,0.50701,1.36817,7.33182,8.69999
0.51003,0.52871,0.51937,1.38642,7.22010,8.60652
0.51742,0.53069,0.52405,1.37814,7.19885,8.57699
0.51727,0.52958,0.52343,1.37497,7.20895,8.58392
0.52231,0.53486,0.52859,1.36553,7.22338,8.58891
0.52276,0.53400,0.52838,1.36583,7.23461,8.60044
0.52407,0.53546,0.52977,1.37059,7.23215,8.60274
0.52236,0.53377,0.52806,1.36906,7.24744,8.61650
0.51995,0.53146,0.52571,1.36712,7.24041,8.60753
0.50091,0.51515,0.50803,1.39891,7.25563,8.65454
0.51395,0.53201,0.52298,1.39734,7.16088,8.55821
0.51056,0.52713,0.51884,1.38436,7.12620,8.51057
0.51024,0.52767,0.51895,1.38571,7.13351,8.51923
0.51280,0.52932,0.52106,1.38291,7.14967,8.53259
0.51282,0.52981,0.52131,1.38669,7.15689,8.54358
0.51595,0.53155,0.52375,1.38853,7.14992,8.53845
0.51640,0.53068,0.52354,1.38399,7.16208,8.54607
0.51667,0.52979,0.52323,1.38052,7.14776,8.52828
0.48158,0.50414,0.49286,1.41916,7.25561,8.67477
0.49547,0.51883,0.50715,1.42169,7.13563,8.55732
0.50106,0.51998,0.51052,1.40968,7.09802,8.50770
0.50512,0.52433,0.51473,1.40726,7.09734,8.50460
0.50522,0.52396,0.51459,1.40533,7.09856,8.50389
0.50737,0.52649,0.51693,1.40623,7.10669,8.51292
0.50908,0.52920,0.51914,1.40778,7.10135,8.50913
0.50837,0.52736,0.51786,1.40530,7.11407,8.51937
0.50812,0.52637,0.51725,1.40240,7.11124,8.51364
0.48991,0.50345,0.49668,1.41825,7.14073,8.55899
0.50633,0.52573,0.51603,1.43077,7.02304,8.45381
0.51092,0.52632,0.51862,1.42494,6.99311,8.41805
0.50986,0.52579,0.51783,1.41541,7.00336,8.41877
0.51373,0.52834,0.52104,1.41578,7.01445,8.43023
0.51380,0.52728,0.52054,1.41622,7.01425,8.43048
0.51374,0.52784,0.52079,1.41762,7.01216,8.42978
0.51330,0.52657,0.51993,1.41401,7.02811,8.44212
0.51438,0.52602,0.52020,1.41133,7.02027,8.43160
0.50162,0.51088,0.50625,1.41713,7.03839,8.45552
0.50917,0.52865,0.51891,1.44042,6.93687,8.37730
0.51067,0.52682,0.51874,1.42531,6.91633,8.34164
0.51037,0.52597,0.51817,1.42066,6.92315,8.34381
0.50906,0.52362,0.51634,1.42274,6.93590,8.35864
0.51254,0.52579,0.51917,1.42553,6.94489,8.37042
0.51117,0.52590,0.51853,1.42732,6.94377,8.37109
0.51104,0.52465,0.51785,1.42389,6.96516,8.38905
0.51089,0.52301,0.51695,1.42072,6.96394,8.38466
0.48837,0.50009,0.49423,1.44129,7.01458,8.45587
0.49931,0.51782,0.50856,1.45623,6.91638,8.37260
0.50145,0.51777,0.50961,1.45179,6.89052,8.34231
0.50341,0.52136,0.51239,1.44396,6.89736,8.34132
0.50772,0.52235,0.51504,1.44693,6.90128,8.34821
0.50968,0.52354,0.51661,1.44373,6.91161,8.35534
0.51143,0.52400,0.51772,1.44511,6.90152,8.34663
0.51048,0.52230,0.51639,1.43878,6.91897,8.35775
0.51136,0.52078,0.51607,1.43614,6.91312,8.34926
0.47184,0.47966,0.47575,1.45851,6.89732,8.35583
0.49022,0.50629,0.49826,1.46888,6.84115,8.31003
0.49515,0.50832,0.50174,1.45957,6.81398,8.27355
0.49435,0.50969,0.50202,1.45427,6.83616,8.29044
0.50090,0.51413,0.50752,1.45981,6.85259,8.31240
0.49962,0.51307,0.50635,1.45533,6.86306,8.31839
0.50445,0.51767,0.51106,1.45738,6.85340,8.31078
0.50408,0.51711,0.51059,1.45308,6.86850,8.32159
0.50376,0.51502,0.50939,1.45332,6.86310,8.31642
0.48553,0.49344,0.48949,1.45349,6.88476,8.33825
0.49552,0.51193,0.50372,1.46643,6.77829,8.24472
0.50156,0.51620,0.50888,1.45945,6.75438,8.21383
0.49838,0.51413,0.50626,1.45904,6.76003,8.21906
0.50128,0.51704,0.50916,1.46350,6.77063,8.23413
0.50637,0.52133,0.51385,1.46234,6.77636,8.23870
0.50681,0.52052,0.51366,1.46300,6.77015,8.23315
0.50703,0.52070,0.51386,1.45822,6.78443,8.24266
0.50801,0.52010,0.51405,1.45417,6.78625,8.24043
0.47837,0.48092,0.47964,1.46076,6.80594,8.26670
0.49132,0.49675,0.49403,1.48289,6.72429,8.20718
0.50070,0.50354,0.50212,1.48302,6.68820,8.17121
0.50220,0.50631,0.50426,1.47405,6.70612,8.18017
0.50525,0.50999,0.50762,1.48191,6.71240,8.19431
0.50465,0.51256,0.50860,1.47912,6.71781,8.19693
0.50634,0.51538,0.51086,1.47612,6.71274,8.18886
0.50397,0.51354,0.50876,1.47310,6.73157,8.20467
0.50447,0.51292,0.50870,1.47276,6.73044,8.20320
0.48179,0.48751,0.48465,1.46354,6.75713,8.22068
0.49634,0.50831,0.50233,1.50038,6.68339,8.18377
0.49519,0.50846,0.50183,1.48391,6.67780,8.16171
0.49513,0.50881,0.50197,1.47795,6.68569,8.16364
0.49716,0.50918,0.50317,1.47963,6.68514,8.16476
0.49883,0.51072,0.50477,1.48172,6.68471,8.16642
0.50127,0.51218,0.50672,1.48466,6.67709,8.16175
0.50065,0.51167,0.50616,1.47996,6.68959,8.16955
0.50082,0.50932,0.50507,1.48088,6.68773,8.16860
0.48068,0.48355,0.48211,1.48589,6.74551,8.23140
0.49717,0.50802,0.50259,1.51273,6.66987,8.18261
0.50086,0.51299,0.50693,1.50635,6.64261,8.14895
0.49636,0.51111,0.50374,1.49816,6.64698,8.14513
0.50114,0.51423,0.50768,1.49641,6.64694,8.14335
0.50209,0.51504,0.50857,1.49154,6.63928,8.13082
0.49961,0.51426,0.50693,1.49164,6.63659,8.12823
0.49954,0.51313,0.50633,1.48995,6.65727,8.14722
0.49945,0.51177,0.50561,1.48977,6.65178,8.14155
0.48958,0.49280,0.49119,1.50769,6.65676,8.16445
0.49136,0.50264,0.49700,1.52151,6.60030,8.12181
0.49458,0.50449,0.49953,1.51534,6.55916,8.07450
0.49233,0.50417,0.49825,1.51208,6.57018,8.08226
0.49191,0.50302,0.49747,1.51771,6.57329,8.09100
0.49602,0.50722,0.50162,1.51529,6.57123,8.08652
0.49849,0.50896,0.50373,1.51380,6.57268,8.08649
0.49787,0.50814,0.50300,1.51008,6.59545,8.10553
0.49782,0.50612,0.50197,1.50932,6.59499,8.10431
0.48009,0.47958,0.47984,1.51175,6.67244,8.18420
0.50141,0.51240,0.50691,1.53649,6.57170,8.10819
0.49931,0.50930,0.50430,1.52875,6.52712,8.05587
0.49838,0.51146,0.50492,1.51689,6.53644,8.05333
0.49810,0.50953,0.50381,1.51405,6.54389,8.05794
0.49489,0.50668,0.50079,1.51848,6.54274,8.06122
0.49575,0.50949,0.50262,1.52762,6.54722,8.07484
0.49559,0.50891,0.50225,1.52325,6.56684,8.09008
0.49862,0.50784,0.50323,1.52440,6.56515,8.08955
0.47224,0.47409,0.47317,1.52609,6.59297,8.11906
0.49072,0.50764,0.49918,1.54859,6.52185,8.07044
0.49013,0.50298,0.49655,1.53395,6.49072,8.02467
0.49099,0.50396,0.49748,1.53351,6.50591,8.03942
0.49555,0.50685,0.50120,1.53500,6.49101,8.02601
0.49588,0.50641,0.50115,1.53060,6.48914,8.01974
0.49774,0.50699,0.50236,1.52856,6.48080,8.00935
0.49626,0.50505,0.50066,1.52585,6.49803,8.02389
0.49461,0.50068,0.49765,1.52887,6.49490,8.02378
0.48119,0.48643,0.48381,1.54310,6.56098,8.10408
0.49064,0.50287,0.49675,1.55565,6.47771,8.03336
0.48642,0.49775,0.49209,1.55269,6.46637,8.01906
0.49161,0.50363,0.49762,1.55165,6.47222,8.02387
0.49106,0.50151,0.49629,1.55315,6.47802,8.03117
0.49356,0.50401,0.49878,1.55604,6.47980,8.03584
0.49737,0.50576,0.50156,1.55351,6.47420,8.02772
0.49562,0.50424,0.49993,1.54841,6.49347,8.04188
0.49635,0.50387,0.50011,1.54791,6.49418,8.04209
0.47645,0.48283,0.47964,1.51024,6.48193,7.99218
0.48718,0.50540,0.49629,1.53198,6.43444,7.96643
0.48866,0.50333,0.49600,1.53394,6.40876,7.94269
0.49455,0.51003,0.50229,1.52709,6.41491,7.94200
0.49889,0.51219,0.50554,1.52572,6.41310,7.93882
0.49574,0.50935,0.50255,1.52818,6.41395,7.94213
0.49851,0.51040,0.50445,1.52642,6.41075,7.93717
0.49457,0.50771,0.50114,1.52624,6.42911,7.95535
0.49490,0.50588,0.50039,1.52889,6.42954,7.95843
0.48051,0.48560,0.48305,1.52106,6.45738,7.97844
0.48796,0.50267,0.49532,1.54457,6.38532,7.92989
0.49520,0.50763,0.50141,1.54235,6.36980,7.91215
0.49304,0.50823,0.50063,1.54110,6.37289,7.91400
0.49343,0.50755,0.50049,1.54639,6.36729,7.91368
0.49441,0.50621,0.50031,1.54567,6.37337,7.91904
0.49474,0.50652,0.50063,1.54998,6.36847,7.91845
0.49460,0.50595,0.50028,1.54480,6.38812,7.93292
0.49557,0.50493,0.50025,1.54896,6.38978,7.93874
0.47853,0.47554,0.47703,1.51623,6.47599,7.99222
0.48151,0.49125,0.48638,1.55017,6.36144,7.91161
0.48570,0.49556,0.49063,1.55179,6.34827,7.90006
0.48682,0.49786,0.49234,1.55525,6.35758,7.91284
0.48779,0.49952,0.49366,1.55717,6.35542,7.91259
0.48997,0.49954,0.49475,1.56260,6.34398,7.90658
0.49361,0.50300,0.49830,1.56403,6.34285,7.90688
0.49114,0.50086,0.49600,1.55954,6.36176,7.92130
0.49205,0.49990,0.49597,1.55531,6.36034,7.91565
0.47617,0.47187,0.47402,1.56922,6.38491,7.95413
0.52603,0.52734,0.52668,1.61988,6.30855,7.92843
0.51582,0.52196,0.51889,1.57559,6.28118,7.85677
0.50345,0.51327,0.50836,1.56548,6.29322,7.85870
0.49951,0.51046,0.50499,1.56268,6.29945,7.86213
0.49973,0.50813,0.50393,1.56807,6.29937,7.86744
0.49819,0.50706,0.50262,1.56457,6.29290,7.85747
0.49535,0.50444,0.49990,1.56298,6.31586,7.87884
0.49663,0.50246,0.49955,1.56231,6.31931,7.88162
0.47509,0.47822,0.47666,1.57339,6.33847,7.91186
0.48827,0.49903,0.49365,1.59062,6.26842,7.85904
0.48657,0.49592,0.49125,1.59537,6.24305,7.83842
0.48386,0.49479,0.48933,1.59652,6.25504,7.85156
0.48940,0.49839,0.49390,1.60208,6.26152,7.86360
0.49204,0.50135,0.49669,1.60142,6.26624,7.86765
0.49398,0.50292,0.49845,1.59689,6.26291,7.85979
0.49109,0.49951,0.49530,1.59399,6.28175,7.87573
0.48988,0.49700,0.49344,1.59399,6.28693,7.88093
0.48137,0.47851,0.47994,1.60472,6.32795,7.93267
0.47631,0.48561,0.48096,1.63325,6.26278,7.89603
0.47812,0.49014,0.48413,1.62698,6.24475,7.87173
0.47740,0.49078,0.48409,1.62262,6.24929,7.87191
0.48036,0.49378,0.48707,1.62956,6.25775,7.88732
0.47848,0.49189,0.48519,1.63274,6.26314,7.89588
0.48085,0.49412,0.48749,1.62837,6.26239,7.89076
0.48054,0.49374,0.48714,1.62152,6.28114,7.90266
0.48123,0.49181,0.48652,1.62189,6.28043,7.90232
0.48628,0.48659,0.48644,1.58032,6.27670,7.85702
0.48732,0.49736,0.49234,1.60703,6.22094,7.82797
0.48797,0.49977,0.49387,1.60018,6.21022,7.81040
0.48333,0.49606,0.48969,1.59899,6.21510,7.81410
0.48323,0.49531,0.48927,1.59916,6.22371,7.82287
0.48330,0.49330,0.48830,1.60628,6.21942,7.82569
0.48528,0.49460,0.48994,1.61919,6.22424,7.84343
0.48325,0.49394,0.48860,1.61627,6.24749,7.86377
0.48198,0.49090,0.48644,1.61653,6.25175,7.86828
0.47774,0.47971,0.47873,1.63311,6.25623,7.88935
0.48857,0.49815,0.49336,1.65493,6.18657,7.84149
0.48934,0.50142,0.49538,1.63946,6.16391,7.80337
0.49230,0.50465,0.49848,1.62963,6.18223,7.81186
0.49587,0.50307,0.49947,1.62823,6.17988,7.80812
0.49619,0.50385,0.50002,1.63006,6.18471,7.81478
0.49568,0.50300,0.49934,1.62758,6.18316,7.81074
0.49418,0.50025,0.49722,1.62059,6.20026,7.82085
0.49382,0.49874,0.49628,1.61982,6.19965,7.81947
0.46043,0.46142,0.46093,1.65227,6.24783,7.90010
0.47559,0.48400,0.47980,1.66750,6.16933,7.83682
0.47741,0.48463,0.48102,1.66275,6.14066,7.80340
0.47253,0.48411,0.47832,1.67361,6.15865,7.83226
0.47881,0.49044,0.48462,1.67147,6.16309,7.83456
0.48090,0.49093,0.48591,1.67429,6.16640,7.84070
0.48342,0.49400,0.48871,1.66594,6.15951,7.82545
0.47973,0.49133,0.48553,1.66025,6.17205,7.83230
0.48007,0.49013,0.48510,1.65903,6.17424,7.83327
0.46867,0.47563,0.47215,1.63711,6.21434,7.85145
0.47119,0.48190,0.47654,1.67228,6.14975,7.82203
0.47204,0.48323,0.47764,1.67814,6.12096,7.79910
0.47324,0.48579,0.47952,1.66856,6.14131,7.80987
0.47655,0.48786,0.48220,1.66412,6.14238,7.80650
0.47919,0.49061,0.48490,1.66427,6.13466,7.79893
0.47987,0.49155,0.48571,1.66446,6.12827,7.79273
0.47902,0.49070,0.48486,1.65922,6.14639,7.80562
0.47892,0.48936,0.48414,1.65956,6.14718,7.80674
0.46334,0.46078,0.46206,1.65324,6.16898,7.82222
0.47269,0.47940,0.47604,1.69031,6.10694,7.79725
0.47070,0.48093,0.47581,1.68879,6.09297,7.78176
0.46985,0.48166,0.47576,1.68145,6.11420,7.79565
0.47116,0.48160,0.47638,1.68579,6.12791,7.81370
0.47221,0.48014,0.47617,1.69772,6.13224,7.82996
0.47491,0.48171,0.47831,1.69843,6.12491,7.82334
0.47371,0.48174,0.47773,1.69283,6.14645,7.83928
0.48481,0.49041,0.48761,1.69424,6.14441,7.83865
0.45032,0.45049,0.45041,1.61922,6.16933,7.78854
0.45437,0.46921,0.46179,1.65827,6.08806,7.74633
0.45113,0.46256,0.45684,1.67776,6.07508,7.75284
0.45617,0.46711,0.46164,1.68560,6.08412,7.76972
0.46365,0.47384,0.46874,1.68804,6.08731,7.77535
0.46386,0.47346,0.46866,1.69088,6.08060,7.77148
0.46497,0.47504,0.47000,1.68705,6.07684,7.76389
0.46564,0.47490,0.47027,1.68163,6.09438,7.77601
0.46779,0.47542,0.47161,1.68000,6.09154,7.77155
0.44479,0.44124,0.44302,1.68545,6.10744,7.79290
0.45714,0.46981,0.46347,1.71638,6.05263,7.76901
0.45995,0.47491,0.46743,1.71030,6.02974,7.74004
0.46699,0.47696,0.47198,1.71189,6.05101,7.76290
0.47289,0.48300,0.47795,1.71621,6.05006,7.76627
0.47318,0.48372,0.47845,1.71836,6.05583,7.77418
0.47320,0.48242,0.47781,1.71557,6.04499,7.76056
0.46978,0.48012,0.47495,1.71841,6.06659,7.78500
0.46552,0.47526,0.47039,1.72791,6.07646,7.80437
0.46038,0.46692,0.46365,1.78257,6.15348,7.93604
0.46856,0.48124,0.47490,1.77424,6.08762,7.86185
0.46333,0.47646,0.46990,1.75960,6.06298,7.82258
0.46539,0.47967,0.47253,1.75231,6.06692,7.81923
0.47014,0.48436,0.47725,1.75360,6.06705,7.82065
0.47466,0.48572,0.48019,1.74475,6.06585,7.81060
0.47383,0.48473,0.47928,1.74034,6.06084,7.80118
0.46838,0.48110,0.47474,1.73559,6.07850,7.81408
0.47112,0.48090,0.47601,1.72991,6.07732,7.80723
0.46628,0.47319,0.46974,1.68480,6.07060,7.75539
0.45791,0.47579,0.46685,1.72942,6.01204,7.74145
0.45876,0.47325,0.46600,1.75176,6.00567,7.75743
0.45672,0.47153,0.46413,1.77409,6.02065,7.79475
0.47060,0.48517,0.47788,1.78678,6.03407,7.82085
0.46821,0.48460,0.47641,1.78690,6.05333,7.84023
0.46882,0.48565,0.47724,1.77396,6.05132,7.82529
0.46647,0.48347,0.47497,1.77352,6.06574,7.83926
0.46725,0.48144,0.47434,1.76355,6.06296,7.82651
0.45393,0.45020,0.45207,1.73831,6.05614,7.79444
0.45724,0.46324,0.46024,1.76493,6.00997,7.77489
0.46154,0.46900,0.46527,1.76192,5.99441,7.75633
0.46780,0.47460,0.47120,1.74956,6.00834,7.75790
0.47226,0.48023,0.47625,1.73821,6.00907,7.74728
0.47281,0.48055,0.47668,1.74042,6.01728,7.75770
0.47033,0.47790,0.47412,1.74193,6.00833,7.75026
0.47011,0.47811,0.47411,1.73965,6.02617,7.76583
0.47034,0.47753,0.47394,1.73813,6.02162,7.75974
0.44968,0.45690,0.45329,1.77910,6.06920,7.84831
0.45008,0.46280,0.45644,1.81513,5.98184,7.79697
0.45789,0.46854,0.46322,1.76907,5.94810,7.71717
0.46171,0.47493,0.46832,1.76960,5.96001,7.72961
0.46127,0.47556,0.46842,1.76344,5.95385,7.71729
0.46107,0.47306,0.46707,1.77159,5.96715,7.73874
0.46481,0.47850,0.47165,1.76969,5.97085,7.74054
0.46313,0.47682,0.46997,1.76307,5.99113,7.75420
0.46296,0.47406,0.46851,1.76069,5.99291,7.75359
0.45074,0.44932,0.45003,1.74772,6.00479,7.75252
0.46709,0.47909,0.47309,1.78352,5.96788,7.75140
0.46580,0.47884,0.47232,1.80123,5.97548,7.77671
0.46277,0.47643,0.46960,1.81194,5.97705,7.78899
0.45957,0.47452,0.46704,1.80481,5.98334,7.78815
0.46262,0.47477,0.46870,1.80505,5.99243,7.79748
0.46471,0.47645,0.47058,1.79071,5.98301,7.77371
0.45942,0.47144,0.46543,1.78361,5.99369,7.77730
0.45985,0.47138,0.46562,1.78032,5.99399,7.77430
0.44925,0.45716,0.45320,1.73948,6.02422,7.76370
0.44790,0.46810,0.45800,1.79453,5.95017,7.74470
0.44642,0.46468,0.45555,1.80192,5.94848,7.75040
0.44903,0.46366,0.45635,1.81496,5.95205,7.76700
0.45469,0.46963,0.46216,1.80934,5.96008,7.76942
0.45376,0.46712,0.46044,1.80985,5.96194,7.77180
0.45682,0.47073,0.46378,1.81041,5.95256,7.76297
0.45509,0.46810,0.46159,1.81218,5.96785,7.78002
0.45456,0.46667,0.46061,1.81303,5.97051,7.78354
0.44011,0.44328,0.44170,1.85848,6.00920,7.86768
0.43539,0.45250,0.44394,1.87251,5.94719,7.81970
0.44082,0.46061,0.45071,1.87141,5.92224,7.79366
0.43548,0.45485,0.44516,1.88642,5.94846,7.83487
0.44135,0.46086,0.45111,1.87557,5.95291,7.82848
0.45087,0.46533,0.45810,1.86563,5.95106,7.81669
0.45616,0.46902,0.46259,1.84951,5.94484,7.79435
0.45498,0.46927,0.46213,1.83631,5.95988,7.79620
0.45495,0.46756,0.46126,1.82799,5.96103,7.78902
0.42990,0.43405,0.43198,1.80709,5.97931,7.78640
0.42572,0.43255,0.42913,1.86966,5.94114,7.81080
0.42606,0.43684,0.43145,1.88611,5.91363,7.79973
0.46526,0.47928,0.47227,1.90533,5.92415,7.82947
0.45981,0.47411,0.46696,1.88603,5.92403,7.81006
0.45711,0.46889,0.46300,1.87941,5.92190,7.80131
0.46006,0.46881,0.46443,1.87241,5.91540,7.78782
0.45651,0.46430,0.46041,1.86894,5.92980,7.79874
0.45388,0.46134,0.45761,1.87114,5.93730,7.80844
0.44154,0.44226,0.44190,1.79818,5.96985,7.76803
0.43314,0.44905,0.44110,1.83253,5.91119,7.74371
0.43657,0.45316,0.44486,1.85129,5.88951,7.74080
0.43237,0.44579,0.43908,1.87228,5.89683,7.76912
0.43967,0.45114,0.44540,1.87594,5.91651,7.79245
0.43797,0.44924,0.44360,1.87103,5.91838,7.78941
0.44465,0.45501,0.44983,1.86849,5.91561,7.78411
0.44121,0.45290,0.44706,1.86213,5.92466,7.78679
0.44332,0.45315,0.44824,1.85975,5.92650,7.78625
0.42998,0.43488,0.43243,1.85234,5.92464,7.77698
0.41234,0.42932,0.42083,1.93525,5.88413,7.81937
0.42419,0.43834,0.43126,1.91768,5.86897,7.78665
0.43380,0.44792,0.44086,1.90635,5.87911,7.78546
0.43700,0.45282,0.44491,1.91057,5.88435,7.79491
0.44536,0.45823,0.45179,1.90664,5.88748,7.79412
0.44937,0.45870,0.45403,1.89728,5.87551,7.77279
0.44490,0.45637,0.45063,1.89055,5.89040,7.78094
0.44451,0.45425,0.44938,1.88654,5.89162,7.77816
0.42689,0.42621,0.42655,1.86973,5.88501,7.75474
0.43516,0.44867,0.44192,1.91285,5.86473,7.77758
0.43526,0.44882,0.44204,1.90668,5.84855,7.75524
0.43417,0.44924,0.44171,1.91918,5.86921,7.78839
0.44449,0.45833,0.45141,1.91876,5.86211,7.78088
0.44552,0.45850,0.45201,1.91701,5.86527,7.78228
0.44350,0.45681,0.45016,1.90937,5.85423,7.76360
0.44674,0.45887,0.45280,1.90220,5.87463,7.77683
0.44337,0.45546,0.44942,1.90008,5.87322,7.77330
0.39619,0.40030,0.39824,1.91570,5.94147,7.85717
0.42080,0.43560,0.42820,1.94804,5.88430,7.83234
0.41856,0.43257,0.42556,1.97894,5.86244,7.84137
0.42446,0.43760,0.43103,1.96177,5.86760,7.82938
0.43654,0.45122,0.44388,1.94817,5.86501,7.81319
0.44252,0.45480,0.44866,1.93545,5.86027,7.79572
0.44422,0.45540,0.44981,1.93872,5.85266,7.79138
0.43955,0.45029,0.44492,1.93351,5.87144,7.80496
0.44023,0.45130,0.44576,1.92837,5.87338,7.80175
0.41656,0.42020,0.41838,1.87040,5.88453,7.75493
0.43560,0.44263,0.43912,1.92426,5.83000,7.75426
0.42473,0.43145,0.42809,1.93616,5.82582,7.76198
0.42576,0.43447,0.43011,1.95616,5.82744,7.78360
0.43400,0.44401,0.43900,1.93990,5.83663,7.77653
0.43838,0.44496,0.44167,1.94376,5.83698,7.78074
0.43751,0.44540,0.44146,1.93978,5.83003,7.76980
0.43607,0.44434,0.44021,1.93141,5.84434,7.77575
0.43394,0.44148,0.43771,1.92933,5.85184,7.78117
0.42640,0.42625,0.42632,1.93485,5.90412,7.83897
0.42411,0.43814,0.43112,1.96558,5.84761,7.81318
0.42100,0.43581,0.42841,2.00612,5.82842,7.83455
0.43003,0.44352,0.43677,1.98215,5.83310,7.81525
0.43144,0.44125,0.43634,1.97540,5.82547,7.80087
0.43951,0.44670,0.44311,1.98329,5.82930,7.81259
0.43870,0.44690,0.44280,1.97808,5.82508,7.80316
0.43382,0.44262,0.43822,1.97393,5.84200,7.81593
0.43498,0.44322,0.43910,1.96667,5.84286,7.80953
0.43521,0.42319,0.42920,1.95617,5.80879,7.76496
0.42453,0.43297,0.42875,1.96276,5.76832,7.73108
0.41746,0.43024,0.42385,1.96581,5.76008,7.72589
0.42345,0.43499,0.42922,1.96430,5.78560,7.74990
0.43485,0.44580,0.44032,1.96711,5.78930,7.75641
0.44071,0.45246,0.44659,1.96238,5.79409,7.75648
0.44129,0.45243,0.44686,1.95381,5.79125,7.74505
0.44010,0.45192,0.44601,1.94674,5.80592,7.75266
0.43727,0.44788,0.44258,1.94149,5.80865,7.75013
0.43885,0.45185,0.44535,1.94598,5.83752,7.78350
0.42683,0.44182,0.43433,1.98961,5.77922,7.76883
0.42811,0.44131,0.43471,1.98049,5.77275,7.75324
0.42127,0.43786,0.42956,1.98249,5.78210,7.76459
0.43388,0.44741,0.44064,1.97673,5.77440,7.75113
0.43773,0.45112,0.44443,1.97075,5.78188,7.75263
0.43496,0.44726,0.44111,1.96429,5.77702,7.74131
0.43225,0.44564,0.43894,1.96604,5.78664,7.75268
0.43284,0.44535,0.43909,1.95754,5.78856,7.74610
0.37997,0.38210,0.38104,2.01753,5.86627,7.88380
0.41279,0.42137,0.41708,2.05820,5.80204,7.86024
0.42318,0.43948,0.43133,2.03570,5.78390,7.81960
0.42590,0.44127,0.43358,2.00409,5.78085,7.78494
0.42553,0.43992,0.43273,1.99570,5.78019,7.77589
0.43328,0.44649,0.43988,2.00852,5.77862,7.78714
0.44019,0.45422,0.44720,1.99234,5.77491,7.76725
0.43477,0.44770,0.44124,1.97350,5.78736,7.76086
0.43253,0.44478,0.43866,1.96254,5.78364,7.74618
0.41225,0.42019,0.41622,1.91075,5.82686,7.73761
0.43045,0.44402,0.43723,1.91897,5.75597,7.67494
0.42964,0.44692,0.43828,1.94364,5.71242,7.65605
0.42965,0.44645,0.43805,1.94244,5.71914,7.66157
0.44008,0.45287,0.44647,1.93736,5.71422,7.65157
0.43530,0.44634,0.44082,1.93789,5.71164,7.64953
0.43619,0.44745,0.44182,1.93378,5.70714,7.64093
0.43289,0.44569,0.43929,1.92526,5.72237,7.64763
0.43188,0.44404,0.43796,1.92545,5.72185,7.64730
0.40589,0.39876,0.40232,1.99060,5.78028,7.77089
0.43998,0.43819,0.43909,2.06219,5.71564,7.77784
0.44198,0.44396,0.44297,2.01461,5.69677,7.71137
0.43224,0.43615,0.43420,2.02222,5.71509,7.73731
0.44835,0.45044,0.44940,2.02615,5.72217,7.74833
0.44556,0.44909,0.44733,2.00630,5.72234,7.72864
0.44226,0.44654,0.44440,1.99740,5.71670,7.71410
0.43553,0.44175,0.43864,2.00022,5.73055,7.73077
0.43556,0.44118,0.43837,2.00005,5.73357,7.73362
0.40134,0.40460,0.40297,2.08380,5.79216,7.87596
0.41326,0.42245,0.41785,2.04965,5.74165,7.79130
0.40835,0.41837,0.41336,2.05115,5.70974,7.76090
0.45088,0.45483,0.45285,2.08227,5.72737,7.80964
0.44324,0.44722,0.44523,2.05707,5.72578,7.78285
0.44259,0.44696,0.44477,2.04193,5.72454,7.76646
0.44166,0.44676,0.44421,2.03084,5.71839,7.74923
0.43545,0.44235,0.43890,2.02645,5.73109,7.75754
0.43688,0.44292,0.43990,2.02090,5.73094,7.75183
0.42830,0.42741,0.42785,2.10070,5.79543,7.89613
0.41498,0.42858,0.42178,2.10264,5.74978,7.85242
0.41130,0.42439,0.41785,2.08470,5.70540,7.79010
0.40994,0.41982,0.41488,2.08003,5.71251,7.79254
0.41968,0.42973,0.42471,2.06493,5.71163,7.77656
0.41861,0.42758,0.42309,2.06242,5.71052,7.77294
0.41708,0.42625,0.42166,2.05571,5.70425,7.75997
0.41237,0.42183,0.41710,2.05367,5.72347,7.77714
0.41354,0.42239,0.41797,2.05355,5.72653,7.78008
0.40973,0.39714,0.40344,2.00264,5.71229,7.71493
0.42777,0.43053,0.42915,2.04271,5.67461,7.71733
0.43569,0.44257,0.43913,2.03632,5.65850,7.69481
0.42886,0.43681,0.43283,2.04103,5.66370,7.70473
0.43961,0.44573,0.44267,2.04797,5.66540,7.71337
0.43414,0.43966,0.43690,2.05164,5.68180,7.73344
0.44251,0.44785,0.44518,2.05425,5.67963,7.73388
0.43837,0.44316,0.44077,2.04198,5.70010,7.74208
0.43468,0.43964,0.43716,2.03123,5.70179,7.73302
0.38851,0.38463,0.38657,2.08185,5.70823,7.79008
0.41134,0.41539,0.41336,2.12405,5.66555,7.78960
0.40735,0.41252,0.40994,2.11610,5.66161,7.77771
0.40181,0.40788,0.40485,2.12037,5.68404,7.80441
0.40334,0.41225,0.40779,2.10687,5.68414,7.79101
0.40743,0.41464,0.41103,2.11351,5.69060,7.80411
0.41407,0.42520,0.41964,2.10255,5.68631,7.78886
0.40918,0.42056,0.41487,2.09777,5.69816,7.79592
0.41444,0.42445,0.41944,2.09118,5.69996,7.79114
0.38823,0.38170,0.38497,2.04382,5.73893,7.78275
0.39650,0.39805,0.39728,2.10232,5.67999,7.78232
0.38950,0.39719,0.39334,2.09811,5.65954,7.75765
0.39242,0.40472,0.39857,2.11287,5.67755,7.79042
0.40315,0.41280,0.40798,2.11747,5.67531,7.79277
0.41041,0.42043,0.41542,2.11608,5.67484,7.79092
0.41364,0.42432,0.41898,2.09569,5.67044,7.76613
0.40938,0.42113,0.41526,2.08750,5.68224,7.76974
0.41214,0.42203,0.41709,2.08211,5.69019,7.77229
0.41156,0.40625,0.40891,2.11674,5.71933,7.83606
0.40933,0.41652,0.41292,2.12502,5.67502,7.80004
0.39427,0.40502,0.39964,2.14514,5.64870,7.79384
0.39797,0.40669,0.40233,2.15822,5.66028,7.81849
0.40635,0.41654,0.41144,2.14883,5.66027,7.80909
0.40964,0.42046,0.41505,2.13940,5.65835,7.79776
0.40841,0.41996,0.41419,2.14496,5.65816,7.80312
0.40282,0.41573,0.40927,2.14380,5.67388,7.81768
0.41795,0.43137,0.42466,2.15292,5.67663,7.82955
0.37019,0.36663,0.36841,2.07558,5.70598,7.78156
0.39960,0.40158,0.40059,2.11676,5.64664,7.76340
0.39072,0.39706,0.39389,2.12154,5.62903,7.75057
0.39054,0.39523,0.39288,2.13634,5.63471,7.77106
0.39027,0.39677,0.39352,2.14237,5.63280,7.77518
0.40132,0.40370,0.40251,2.15430,5.63734,7.79164
0.42501,0.43103,0.42802,2.14333,5.63157,7.77491
0.41778,0.42346,0.42062,2.13208,5.64804,7.78012
0.41772,0.42273,0.42023,2.12076,5.65418,7.77494
0.41462,0.40716,0.41089,2.01839,5.71224,7.73063
0.41140,0.42511,0.41825,2.02699,5.64615,7.67314
0.40747,0.41858,0.41303,2.04614,5.61421,7.66036
0.40024,0.40984,0.40504,2.07913,5.62932,7.70845
0.40080,0.41037,0.40558,2.07466,5.62809,7.70275
0.40716,0.41188,0.40952,2.10034,5.62996,7.73031
0.41001,0.41639,0.41320,2.10869,5.62920,7.73789
0.40415,0.41224,0.40820,2.10971,5.64884,7.75855
0.40530,0.41287,0.40909,2.10770,5.64838,7.75608
